i, time, sound
0, 0, 471
1, 0.0226757, -274
2, 0.0453515, -1161
3, 0.0680272, -1910
4, 0.0907029, -2447
5, 0.113379, -3013
6, 0.136054, -3619
7, 0.15873, -4063
8, 0.181406, -4053
9, 0.204082, -3316
10, 0.226757, -2080
11, 0.249433, -812
12, 0.272109, 307
13, 0.294785, 1201
14, 0.31746, 1703
15, 0.340136, 1561
16, 0.362812, 878
17, 0.385488, 257
18, 0.408163, 113
19, 0.430839, 299
20, 0.453515, 268
21, 0.47619, -247
22, 0.498866, -774
23, 0.521542, -1019
24, 0.544218, -1294
25, 0.566893, -1798
26, 0.589569, -2382
27, 0.612245, -2777
28, 0.634921, -2855
29, 0.657596, -2617
30, 0.680272, -1890
31, 0.702948, -631
32, 0.725624, 748
33, 0.748299, 1744
34, 0.770975, 2218
35, 0.793651, 2520
36, 0.816327, 2863
37, 0.839002, 2976
38, 0.861678, 2568
39, 0.884354, 1654
40, 0.907029, 664
41, 0.929705, 6
42, 0.952381, -354
43, 0.975057, -622
44, 0.997732, -1034
45, 1.02041, -1687
46, 1.04308, -2366
47, 1.06576, -2911
48, 1.08844, -3318
49, 1.11111, -3604
50, 1.13379, -3731
51, 1.15646, -3502
52, 1.17914, -2949
53, 1.20181, -2391
54, 1.22449, -1870
55, 1.24717, -1136
56, 1.26984, -155
57, 1.29252, 746
58, 1.31519, 1335
59, 1.33787, 1781
60, 1.36054, 2225
61, 1.38322, 2611
62, 1.4059, 2863
63, 1.42857, 2886
64, 1.45125, 2657
65, 1.47392, 2131
66, 1.4966, 1169
67, 1.51927, -32
68, 1.54195, -1017
69, 1.56463, -1681
70, 1.5873, -2249
71, 1.60998, -2776
72, 1.63265, -3021
73, 1.65533, -2698
74, 1.678, -1790
75, 1.70068, -672
76, 1.72336, 251
77, 1.74603, 996
78, 1.76871, 1608
79, 1.79138, 1906
80, 1.81406, 1958
81, 1.83673, 1893
82, 1.85941, 1660
83, 1.88209, 1408
84, 1.90476, 1333
85, 1.92744, 1414
86, 1.95011, 1527
87, 1.97279, 1520
88, 1.99546, 1388
89, 2.01814, 1189
90, 2.04082, 983
91, 2.06349, 706
92, 2.08617, 200
93, 2.10884, -261
94, 2.13152, -368
95, 2.1542, -128
96, 2.17687, 549
97, 2.19955, 1705
98, 2.22222, 3146
99, 2.2449, 4617
100, 2.26757, 5991
101, 2.29025, 7190
102, 2.31293, 8079
103, 2.3356, 8522
104, 2.35828, 8428
105, 2.38095, 7962
106, 2.40363, 7509
107, 2.4263, 7262
108, 2.44898, 7124
109, 2.47166, 6961
110, 2.49433, 6814
111, 2.51701, 6754
112, 2.53968, 6662
113, 2.56236, 6389
114, 2.58503, 5902
115, 2.60771, 5240
116, 2.63039, 4568
117, 2.65306, 4064
118, 2.67574, 3637
119, 2.69841, 3165
120, 2.72109, 2906
121, 2.74376, 3001
122, 2.76644, 3215
123, 2.78912, 3460
124, 2.81179, 3616
125, 2.83447, 3441
126, 2.85714, 3007
127, 2.87982, 2436
128, 2.90249, 1678
129, 2.92517, 879
130, 2.94785, 266
131, 2.97052, -165
132, 2.9932, -518
133, 3.01587, -929
134, 3.03855, -1413
135, 3.06122, -1857
136, 3.0839, -2355
137, 3.10658, -2868
138, 3.12925, -3063
139, 3.15193, -2840
140, 3.1746, -2333
141, 3.19728, -1733
142, 3.21995, -1103
143, 3.24263, -188
144, 3.26531, 1018
145, 3.28798, 2033
146, 3.31066, 2499
147, 3.33333, 2489
148, 3.35601, 2321
149, 3.37868, 1962
150, 3.40136, 1085
151, 3.42404, -89
152, 3.44671, -1114
153, 3.46939, -1934
154, 3.49206, -2567
155, 3.51474, -3057
156, 3.53741, -3637
157, 3.56009, -4457
158, 3.58277, -5395
159, 3.60544, -6317
160, 3.62812, -7082
161, 3.65079, -7332
162, 3.67347, -6993
163, 3.69615, -6284
164, 3.71882, -5278
165, 3.7415, -4084
166, 3.76417, -2661
167, 3.78685, -943
168, 3.80952, 581
169, 3.8322, 1460
170, 3.85488, 1847
171, 3.87755, 2068
172, 3.90023, 2078
173, 3.9229, 1486
174, 3.94558, 350
175, 3.96825, -752
176, 3.99093, -1563
177, 4.01361, -2361
178, 4.03628, -3467
179, 4.05896, -4730
180, 4.08163, -5788
181, 4.10431, -6605
182, 4.12698, -7417
183, 4.14966, -8361
184, 4.17234, -9086
185, 4.19501, -9083
186, 4.21769, -8360
187, 4.24036, -7167
188, 4.26304, -5734
189, 4.28571, -4339
190, 4.30839, -2959
191, 4.33107, -1527
192, 4.35374, -214
193, 4.37642, 995
194, 4.39909, 2150
195, 4.42177, 2999
196, 4.44444, 3130
197, 4.46712, 2500
198, 4.4898, 1715
199, 4.51247, 1186
200, 4.53515, 730
201, 4.55782, 106
202, 4.5805, -780
203, 4.60317, -1698
204, 4.62585, -2334
205, 4.64853, -2861
206, 4.6712, -3459
207, 4.69388, -3906
208, 4.71655, -3930
209, 4.73923, -3292
210, 4.7619, -2133
211, 4.78458, -933
212, 4.80726, 133
213, 4.82993, 1052
214, 4.85261, 1637
215, 4.87528, 1597
216, 4.89796, 973
217, 4.92063, 296
218, 4.94331, 27
219, 4.96599, 155
220, 4.98866, 209
221, 5.01134, -157
222, 5.03401, -692
223, 5.05669, -1094
224, 5.07937, -1397
225, 5.10204, -1731
226, 5.12472, -2163
227, 5.14739, -2506
228, 5.17007, -2581
229, 5.19274, -2397
230, 5.21542, -1796
231, 5.2381, -709
232, 5.26077, 582
233, 5.28345, 1611
234, 5.30612, 2114
235, 5.3288, 2359
236, 5.35147, 2563
237, 5.37415, 2623
238, 5.39683, 2407
239, 5.4195, 1757
240, 5.44218, 824
241, 5.46485, 98
242, 5.48753, -270
243, 5.5102, -519
244, 5.53288, -894
245, 5.55556, -1467
246, 5.57823, -2118
247, 5.60091, -2644
248, 5.62358, -2976
249, 5.64626, -3191
250, 5.66893, -3303
251, 5.69161, -3169
252, 5.71429, -2749
253, 5.73696, -2254
254, 5.75964, -1808
255, 5.78231, -1277
256, 5.80499, -526
257, 5.82766, 331
258, 5.85034, 1068
259, 5.87302, 1672
260, 5.89569, 2215
261, 5.91837, 2687
262, 5.94104, 3038
263, 5.96372, 3125
264, 5.98639, 2881
265, 6.00907, 2383
266, 6.03175, 1569
267, 6.05442, 454
268, 6.0771, -626
269, 6.09977, -1368
270, 6.12245, -1840
271, 6.14512, -2273
272, 6.1678, -2637
273, 6.19048, -2607
274, 6.21315, -1975
275, 6.23583, -954
276, 6.2585, 23
277, 6.28118, 806
278, 6.30385, 1476
279, 6.32653, 1935
280, 6.34921, 2080
281, 6.37188, 2015
282, 6.39456, 1869
283, 6.41723, 1666
284, 6.43991, 1491
285, 6.46259, 1493
286, 6.48526, 1613
287, 6.50794, 1704
288, 6.53061, 1626
289, 6.55329, 1342
290, 6.57596, 1057
291, 6.59864, 752
292, 6.62132, 257
293, 6.64399, -235
294, 6.66667, -447
295, 6.68934, -307
296, 6.71202, 301
297, 6.73469, 1485
298, 6.75737, 2975
299, 6.78005, 4433
300, 6.80272, 5784
301, 6.8254, 6969
302, 6.84807, 7941
303, 6.87075, 8586
304, 6.89342, 8627
305, 6.9161, 8143
306, 6.93878, 7671
307, 6.96145, 7482
308, 6.98413, 7357
309, 7.0068, 7119
310, 7.02948, 6838
311, 7.05215, 6640
312, 7.07483, 6501
313, 7.09751, 6261
314, 7.12018, 5837
315, 7.14286, 5218
316, 7.16553, 4531
317, 7.18821, 3985
318, 7.21088, 3512
319, 7.23356, 3085
320, 7.25624, 2861
321, 7.27891, 2850
322, 7.30159, 2941
323, 7.32426, 3118
324, 7.34694, 3337
325, 7.36961, 3277
326, 7.39229, 2846
327, 7.41497, 2273
328, 7.43764, 1530
329, 7.46032, 658
330, 7.48299, -28
331, 7.50567, -439
332, 7.52834, -742
333, 7.55102, -1165
334, 7.5737, -1705
335, 7.59637, -2182
336, 7.61905, -2671
337, 7.64172, -3159
338, 7.6644, -3356
339, 7.68707, -3119
340, 7.70975, -2537
341, 7.73243, -1878
342, 7.7551, -1208
343, 7.77778, -283
344, 7.80045, 839
345, 7.82313, 1782
346, 7.8458, 2307
347, 7.86848, 2435
348, 7.89116, 2292
349, 7.91383, 1844
350, 7.93651, 1005
351, 7.95918, 2
352, 7.98186, -914
353, 8.00454, -1771
354, 8.02721, -2511
355, 8.04989, -3024
356, 8.07256, -3531
357, 8.09524, -4301
358, 8.11791, -5321
359, 8.14059, -6367
360, 8.16327, -7113
361, 8.18594, -7312
362, 8.20862, -7043
363, 8.23129, -6438
364, 8.25397, -5475
365, 8.27664, -4279
366, 8.29932, -2885
367, 8.322, -1239
368, 8.34467, 261
369, 8.36735, 1204
370, 8.39002, 1666
371, 8.4127, 1939
372, 8.43537, 2011
373, 8.45805, 1540
374, 8.48073, 562
375, 8.5034, -488
376, 8.52608, -1350
377, 8.54875, -2095
378, 8.57143, -3038
379, 8.5941, -4265
380, 8.61678, -5397
381, 8.63946, -6281
382, 8.66213, -7200
383, 8.68481, -8224
384, 8.70748, -9015
385, 8.73016, -9139
386, 8.75283, -8552
387, 8.77551, -7510
388, 8.79819, -6130
389, 8.82086, -4616
390, 8.84354, -3168
391, 8.86621, -1772
392, 8.88889, -425
393, 8.91156, 891
394, 8.93424, 2133
395, 8.95692, 3049
396, 8.97959, 3286
397, 9.00227, 2796
398, 9.02494, 2057
399, 9.04762, 1466
400, 9.07029, 948
401, 9.09297, 359
402, 9.11565, -439
403, 9.13832, -1378
404, 9.161, -2074
405, 9.18367, -2587
406, 9.20635, -3204
407, 9.22902, -3742
408, 9.2517, -3939
409, 9.27438, -3492
410, 9.29705, -2367
411, 9.31973, -1085
412, 9.3424, 34
413, 9.36508, 969
414, 9.38776, 1583
415, 9.41043, 1655
416, 9.43311, 1179
417, 9.45578, 564
418, 9.47846, 238
419, 9.50113, 285
420, 9.52381, 364
421, 9.54649, 48
422, 9.56916, -506
423, 9.59184, -931
424, 9.61451, -1260
425, 9.63719, -1618
426, 9.65986, -2071
427, 9.68254, -2489
428, 9.70522, -2631
429, 9.72789, -2495
430, 9.75057, -1992
431, 9.77324, -991
432, 9.79592, 251
433, 9.81859, 1320
434, 9.84127, 1943
435, 9.86395, 2247
436, 9.88662, 2460
437, 9.9093, 2579
438, 9.93197, 2475
439, 9.95465, 1902
440, 9.97732, 972
441, 10, 196
442, 10.0227, -241
443, 10.0454, -514
444, 10.068, -809
445, 10.0907, -1303
446, 10.1134, -1965
447, 10.1361, -2598
448, 10.1587, -3108
449, 10.1814, -3474
450, 10.2041, -3643
451, 10.2268, -3508
452, 10.2494, -3078
453, 10.2721, -2562
454, 10.2948, -2046
455, 10.3175, -1453
456, 10.3401, -672
457, 10.3628, 250
458, 10.3855, 990
459, 10.4082, 1518
460, 10.4308, 2041
461, 10.4535, 2488
462, 10.4762, 2807
463, 10.4989, 2974
464, 10.5215, 2848
465, 10.5442, 2435
466, 10.5669, 1642
467, 10.5896, 433
468, 10.6122, -761
469, 10.6349, -1557
470, 10.6576, -2060
471, 10.6803, -2520
472, 10.7029, -2886
473, 10.7256, -2883
474, 10.7483, -2292
475, 10.771, -1208
476, 10.7937, -153
477, 10.8163, 596
478, 10.839, 1231
479, 10.8617, 1744
480, 10.8844, 2073
481, 10.907, 2234
482, 10.9297, 2149
483, 10.9524, 1907
484, 10.9751, 1728
485, 10.9977, 1657
486, 11.0204, 1635
487, 11.0431, 1610
488, 11.0658, 1529
489, 11.0884, 1338
490, 11.1111, 1049
491, 11.1338, 734
492, 11.1565, 364
493, 11.1791, 15
494, 11.2018, -156
495, 11.2245, -122
496, 11.2472, 390
497, 11.2698, 1541
498, 11.2925, 2993
499, 11.3152, 4445
500, 11.3379, 5780
501, 11.3605, 6932
502, 11.3832, 7913
503, 11.4059, 8613
504, 11.4286, 8736
505, 11.4512, 8341
506, 11.4739, 7849
507, 11.4966, 7558
508, 11.5193, 7443
509, 11.542, 7258
510, 11.5646, 6914
511, 11.5873, 6594
512, 11.61, 6465
513, 11.6327, 6335
514, 11.6553, 5942
515, 11.678, 5369
516, 11.7007, 4738
517, 11.7234, 4171
518, 11.746, 3695
519, 11.7687, 3194
520, 11.7914, 2881
521, 11.8141, 2885
522, 11.8367, 2986
523, 11.8594, 3105
524, 11.8821, 3264
525, 11.9048, 3278
526, 11.9274, 2966
527, 11.9501, 2384
528, 11.9728, 1580
529, 11.9955, 703
530, 12.0181, 93
531, 12.0408, -258
532, 12.0635, -614
533, 12.0862, -1084
534, 12.1088, -1622
535, 12.1315, -2079
536, 12.1542, -2478
537, 12.1769, -2958
538, 12.1995, -3293
539, 12.2222, -3151
540, 12.2449, -2581
541, 12.2676, -1911
542, 12.2902, -1287
543, 12.3129, -448
544, 12.3356, 680
545, 12.3583, 1681
546, 12.381, 2192
547, 12.4036, 2272
548, 12.4263, 2177
549, 12.449, 1884
550, 12.4717, 1112
551, 12.4943, 11
552, 12.517, -948
553, 12.5397, -1701
554, 12.5624, -2314
555, 12.585, -2817
556, 12.6077, -3408
557, 12.6304, -4182
558, 12.6531, -5112
559, 12.6757, -6109
560, 12.6984, -6947
561, 12.7211, -7363
562, 12.7438, -7281
563, 12.7664, -6737
564, 12.7891, -5732
565, 12.8118, -4508
566, 12.8345, -3230
567, 12.8571, -1703
568, 12.8798, -154
569, 12.9025, 914
570, 12.9252, 1471
571, 12.9478, 1777
572, 12.9705, 1869
573, 12.9932, 1461
574, 13.0159, 514
575, 13.0385, -515
576, 13.0612, -1303
577, 13.0839, -1983
578, 13.1066, -2946
579, 13.1293, -4240
580, 13.1519, -5405
581, 13.1746, -6274
582, 13.1973, -7109
583, 13.22, -8121
584, 13.2426, -9058
585, 13.2653, -9294
586, 13.288, -8679
587, 13.3107, -7548
588, 13.3333, -6129
589, 13.356, -4657
590, 13.3787, -3240
591, 13.4014, -1774
592, 13.424, -375
593, 13.4467, 878
594, 13.4694, 2058
595, 13.4921, 2978
596, 13.5147, 3291
597, 13.5374, 2889
598, 13.5601, 2132
599, 13.5828, 1475
600, 13.6054, 959
601, 13.6281, 423
602, 13.6508, -324
603, 13.6735, -1236
604, 13.6961, -1970
605, 13.7188, -2558
606, 13.7415, -3172
607, 13.7642, -3663
608, 13.7868, -3842
609, 13.8095, -3415
610, 13.8322, -2372
611, 13.8549, -1161
612, 13.8776, -22
613, 13.9002, 930
614, 13.9229, 1606
615, 13.9456, 1849
616, 13.9683, 1424
617, 13.9909, 706
618, 14.0136, 337
619, 14.0363, 368
620, 14.059, 378
621, 14.0816, 3
622, 14.1043, -571
623, 14.127, -992
624, 14.1497, -1240
625, 14.1723, -1487
626, 14.195, -1887
627, 14.2177, -2247
628, 14.2404, -2331
629, 14.263, -2227
630, 14.2857, -1805
631, 14.3084, -887
632, 14.3311, 302
633, 14.3537, 1378
634, 14.3764, 2047
635, 14.3991, 2353
636, 14.4218, 2549
637, 14.4444, 2665
638, 14.4671, 2533
639, 14.4898, 1990
640, 14.5125, 1178
641, 14.5351, 438
642, 14.5578, -90
643, 14.5805, -472
644, 14.6032, -870
645, 14.6259, -1403
646, 14.6485, -1999
647, 14.6712, -2598
648, 14.6939, -3163
649, 14.7166, -3563
650, 14.7392, -3717
651, 14.7619, -3517
652, 14.7846, -3028
653, 14.8073, -2576
654, 14.8299, -2232
655, 14.8526, -1792
656, 14.8753, -1064
657, 14.898, -142
658, 14.9206, 647
659, 14.9433, 1283
660, 14.966, 1866
661, 14.9887, 2303
662, 15.0113, 2595
663, 15.034, 2723
664, 15.0567, 2620
665, 15.0794, 2307
666, 15.102, 1614
667, 15.1247, 493
668, 15.1474, -638
669, 15.1701, -1425
670, 15.1927, -1917
671, 15.2154, -2350
672, 15.2381, -2741
673, 15.2608, -2788
674, 15.2834, -2267
675, 15.3061, -1273
676, 15.3288, -243
677, 15.3515, 526
678, 15.3741, 1173
679, 15.3968, 1719
680, 15.4195, 2044
681, 15.4422, 2128
682, 15.4649, 2028
683, 15.4875, 1895
684, 15.5102, 1776
685, 15.5329, 1694
686, 15.5556, 1677
687, 15.5782, 1657
688, 15.6009, 1595
689, 15.6236, 1486
690, 15.6463, 1275
691, 15.6689, 1003
692, 15.6916, 666
693, 15.7143, 219
694, 15.737, -92
695, 15.7596, -56
696, 15.7823, 419
697, 15.805, 1446
698, 15.8277, 2795
699, 15.8503, 4175
700, 15.873, 5448
701, 15.8957, 6559
702, 15.9184, 7592
703, 15.941, 8415
704, 15.9637, 8712
705, 15.9864, 8460
706, 16.0091, 8050
707, 16.0317, 7857
708, 16.0544, 7794
709, 16.0771, 7611
710, 16.0998, 7291
711, 16.1224, 6959
712, 16.1451, 6710
713, 16.1678, 6470
714, 16.1905, 6104
715, 16.2132, 5568
716, 16.2358, 4876
717, 16.2585, 4190
718, 16.2812, 3649
719, 16.3039, 3206
720, 16.3265, 2918
721, 16.3492, 2897
722, 16.3719, 3010
723, 16.3946, 3129
724, 16.4172, 3304
725, 16.4399, 3382
726, 16.4626, 3175
727, 16.4853, 2684
728, 16.5079, 1890
729, 16.5306, 1020
730, 16.5533, 398
731, 16.576, 11
732, 16.5986, -331
733, 16.6213, -852
734, 16.644, -1485
735, 16.6667, -2044
736, 16.6893, -2635
737, 16.712, -3237
738, 16.7347, -3607
739, 16.7574, -3473
740, 16.78, -2865
741, 16.8027, -2200
742, 16.8254, -1548
743, 16.8481, -627
744, 16.8707, 576
745, 16.8934, 1654
746, 16.9161, 2216
747, 16.9388, 2369
748, 16.9615, 2351
749, 16.9841, 2094
750, 17.0068, 1362
751, 17.0295, 313
752, 17.0522, -615
753, 17.0748, -1395
754, 17.0975, -2116
755, 17.1202, -2726
756, 17.1429, -3325
757, 17.1655, -4070
758, 17.1882, -5008
759, 17.2109, -6108
760, 17.2336, -7113
761, 17.2562, -7591
762, 17.2789, -7474
763, 17.3016, -6889
764, 17.3243, -5882
765, 17.3469, -4700
766, 17.3696, -3437
767, 17.3923, -1905
768, 17.415, -340
769, 17.4376, 760
770, 17.4603, 1379
771, 17.483, 1754
772, 17.5057, 1864
773, 17.5283, 1493
774, 17.551, 619
775, 17.5737, -388
776, 17.5964, -1194
777, 17.619, -1916
778, 17.6417, -2916
779, 17.6644, -4205
780, 17.6871, -5420
781, 17.7098, -6355
782, 17.7324, -7193
783, 17.7551, -8153
784, 17.7778, -8973
785, 17.8005, -9190
786, 17.8231, -8770
787, 17.8458, -7857
788, 17.8685, -6539
789, 17.8912, -5052
790, 17.9138, -3602
791, 17.9365, -2225
792, 17.9592, -930
793, 17.9819, 358
794, 18.0045, 1674
795, 18.0272, 2743
796, 18.0499, 3162
797, 18.0726, 2867
798, 18.0952, 2185
799, 18.1179, 1515
800, 18.1406, 990
801, 18.1633, 458
802, 18.1859, -243
803, 18.2086, -1044
804, 18.2313, -1719
805, 18.254, -2305
806, 18.2766, -2941
807, 18.2993, -3463
808, 18.322, -3631
809, 18.3447, -3248
810, 18.3673, -2342
811, 18.39, -1194
812, 18.4127, -30
813, 18.4354, 947
814, 18.458, 1615
815, 18.4807, 1876
816, 18.5034, 1559
817, 18.5261, 924
818, 18.5488, 481
819, 18.5714, 368
820, 18.5941, 408
821, 18.6168, 239
822, 18.6395, -271
823, 18.6621, -811
824, 18.6848, -1167
825, 18.7075, -1471
826, 18.7302, -1892
827, 18.7528, -2287
828, 18.7755, -2434
829, 18.7982, -2356
830, 18.8209, -1993
831, 18.8435, -1194
832, 18.8662, -49
833, 18.8889, 1089
834, 18.9116, 1806
835, 18.9342, 2076
836, 18.9569, 2265
837, 18.9796, 2509
838, 19.0023, 2550
839, 19.0249, 2104
840, 19.0476, 1265
841, 19.0703, 463
842, 19.093, -48
843, 19.1156, -349
844, 19.1383, -693
845, 19.161, -1236
846, 19.1837, -1906
847, 19.2063, -2543
848, 19.229, -3077
849, 19.2517, -3438
850, 19.2744, -3600
851, 19.2971, -3558
852, 19.3197, -3222
853, 19.3424, -2772
854, 19.3651, -2387
855, 19.3878, -1923
856, 19.4104, -1254
857, 19.4331, -376
858, 19.4558, 474
859, 19.4785, 1141
860, 19.5011, 1743
861, 19.5238, 2255
862, 19.5465, 2594
863, 19.5692, 2753
864, 19.5918, 2733
865, 19.6145, 2539
866, 19.6372, 1989
867, 19.6599, 943
868, 19.6825, -274
869, 19.7052, -1179
870, 19.7279, -1730
871, 19.7506, -2221
872, 19.7732, -2695
873, 19.7959, -2859
874, 19.8186, -2466
875, 19.8413, -1517
876, 19.8639, -434
877, 19.8866, 346
878, 19.9093, 933
879, 19.932, 1475
880, 19.9546, 1851
881, 19.9773, 2059
882, 20, 2133
883, 20.0227, 2076
884, 20.0454, 2000
885, 20.068, 1992
886, 20.0907, 1993
887, 20.1134, 1956
888, 20.1361, 1829
889, 20.1587, 1555
890, 20.1814, 1204
891, 20.2041, 902
892, 20.2268, 600
893, 20.2494, 202
894, 20.2721, -110
895, 20.2948, -142
896, 20.3175, 200
897, 20.3401, 1146
898, 20.3628, 2573
899, 20.3855, 4043
900, 20.4082, 5378
901, 20.4308, 6536
902, 20.4535, 7551
903, 20.4762, 8420
904, 20.4989, 8888
905, 20.5215, 8763
906, 20.5442, 8245
907, 20.5669, 7833
908, 20.5896, 7687
909, 20.6122, 7477
910, 20.6349, 7110
911, 20.6576, 6748
912, 20.6803, 6447
913, 20.7029, 6194
914, 20.7256, 5913
915, 20.7483, 5470
916, 20.771, 4835
917, 20.7937, 4219
918, 20.8163, 3728
919, 20.839, 3284
920, 20.8617, 2981
921, 20.8844, 2909
922, 20.907, 2984
923, 20.9297, 3121
924, 20.9524, 3274
925, 20.9751, 3332
926, 20.9977, 3148
927, 21.0204, 2748
928, 21.0431, 2124
929, 21.0658, 1259
930, 21.0884, 480
931, 21.1111, 4
932, 21.1338, -370
933, 21.1565, -932
934, 21.1791, -1669
935, 21.2018, -2273
936, 21.2245, -2703
937, 21.2472, -3129
938, 21.2698, -3463
939, 21.2925, -3451
940, 21.3152, -2945
941, 21.3379, -2175
942, 21.3605, -1418
943, 21.3832, -570
944, 21.4059, 454
945, 21.4286, 1468
946, 21.4512, 2200
947, 21.4739, 2491
948, 21.4966, 2474
949, 21.5193, 2221
950, 21.542, 1551
951, 21.5646, 552
952, 21.5873, -406
953, 21.61, -1206
954, 21.6327, -1901
955, 21.6553, -2516
956, 21.678, -3194
957, 21.7007, -4014
958, 21.7234, -4942
959, 21.746, -5991
960, 21.7687, -7002
961, 21.7914, -7603
962, 21.8141, -7617
963, 21.8367, -7125
964, 21.8594, -6141
965, 21.8821, -4882
966, 21.9048, -3625
967, 21.9274, -2192
968, 21.9501, -639
969, 21.9728, 553
970, 21.9955, 1238
971, 22.0181, 1602
972, 22.0408, 1700
973, 22.0635, 1354
974, 22.0862, 536
975, 22.1088, -428
976, 22.1315, -1256
977, 22.1542, -1946
978, 22.1769, -2798
979, 22.1995, -4013
980, 22.2222, -5258
981, 22.2449, -6236
982, 22.2676, -7128
983, 22.2902, -8120
984, 22.3129, -8999
985, 22.3356, -9359
986, 22.3583, -8999
987, 22.381, -8043
988, 22.4036, -6724
989, 22.4263, -5270
990, 22.449, -3798
991, 22.4717, -2327
992, 22.4943, -1021
993, 22.517, 166
994, 22.5397, 1396
995, 22.5624, 2421
996, 22.585, 2965
997, 22.6077, 2890
998, 22.6304, 2285
999, 22.6531, 1588
1000, 22.6757, 1069
1001, 22.6984, 625
1002, 22.7211, -1
1003, 22.7438, -809
1004, 22.7664, -1488
1005, 22.7891, -2071
1006, 22.8118, -2724
1007, 22.8345, -3293
1008, 22.8571, -3641
1009, 22.8798, -3486
1010, 22.9025, -2641
1011, 22.9252, -1513
1012, 22.9478, -403
1013, 22.9705, 645
1014, 22.9932, 1442
1015, 23.0159, 1796
1016, 23.0385, 1542
1017, 23.0612, 894
1018, 23.0839, 415
1019, 23.1066, 315
1020, 23.1293, 385
1021, 23.1519, 256
1022, 23.1746, -158
1023, 23.1973, -594
1024, 23.22, -940
1025, 23.2426, -1278
1026, 23.2653, -1734
1027, 23.288, -2203
1028, 23.3107, -2421
1029, 23.3333, -2403
1030, 23.356, -2098
1031, 23.3787, -1328
1032, 23.4014, -245
1033, 23.424, 847
1034, 23.4467, 1629
1035, 23.4694, 1993
1036, 23.4921, 2194
1037, 23.5147, 2392
1038, 23.5374, 2488
1039, 23.5601, 2240
1040, 23.5828, 1556
1041, 23.6054, 734
1042, 23.6281, 90
1043, 23.6508, -297
1044, 23.6735, -636
1045, 23.6961, -1194
1046, 23.7188, -1902
1047, 23.7415, -2587
1048, 23.7642, -3196
1049, 23.7868, -3655
1050, 23.8095, -3883
1051, 23.8322, -3770
1052, 23.8549, -3314
1053, 23.8776, -2822
1054, 23.9002, -2475
1055, 23.9229, -2050
1056, 23.9456, -1352
1057, 23.9683, -469
1058, 23.9909, 357
1059, 24.0136, 980
1060, 24.0363, 1477
1061, 24.059, 1962
1062, 24.0816, 2368
1063, 24.1043, 2603
1064, 24.127, 2647
1065, 24.1497, 2460
1066, 24.1723, 1925
1067, 24.195, 959
1068, 24.2177, -186
1069, 24.2404, -1143
1070, 24.263, -1799
1071, 24.2857, -2266
1072, 24.3084, -2646
1073, 24.3311, -2758
1074, 24.3537, -2377
1075, 24.3764, -1487
1076, 24.3991, -366
1077, 24.4218, 505
1078, 24.4444, 1097
1079, 24.4671, 1648
1080, 24.4898, 2085
1081, 24.5125, 2293
1082, 24.5351, 2268
1083, 24.5578, 2119
1084, 24.5805, 2037
1085, 24.6032, 2057
1086, 24.6259, 2068
1087, 24.6485, 1999
1088, 24.6712, 1843
1089, 24.6939, 1612
1090, 24.7166, 1352
1091, 24.7392, 1102
1092, 24.7619, 766
1093, 24.7846, 353
1094, 24.8073, 123
1095, 24.8299, 151
1096, 24.8526, 482
1097, 24.8753, 1358
1098, 24.898, 2670
1099, 24.9206, 4092
1100, 24.9433, 5459
1101, 24.966, 6605
1102, 24.9887, 7607
1103, 25.0113, 8540
1104, 25.034, 9052
1105, 25.0567, 8924
1106, 25.0794, 8438
1107, 25.102, 8023
1108, 25.1247, 7827
1109, 25.1474, 7627
1110, 25.1701, 7279
1111, 25.1927, 6872
1112, 25.2154, 6544
1113, 25.2381, 6326
1114, 25.2608, 6060
1115, 25.2834, 5624
1116, 25.3061, 5030
1117, 25.3288, 4410
1118, 25.3515, 3892
1119, 25.3741, 3459
1120, 25.3968, 3152
1121, 25.4195, 3015
1122, 25.4422, 3004
1123, 25.4649, 3077
1124, 25.4875, 3186
1125, 25.5102, 3298
1126, 25.5329, 3292
1127, 25.5556, 3000
1128, 25.5782, 2342
1129, 25.6009, 1443
1130, 25.6236, 637
1131, 25.6463, 82
1132, 25.6689, -348
1133, 25.6916, -903
1134, 25.7143, -1615
1135, 25.737, -2200
1136, 25.7596, -2607
1137, 25.7823, -3034
1138, 25.805, -3420
1139, 25.8277, -3449
1140, 25.8503, -2959
1141, 25.873, -2201
1142, 25.8957, -1470
1143, 25.9184, -648
1144, 25.941, 409
1145, 25.9637, 1468
1146, 25.9864, 2196
1147, 26.0091, 2519
1148, 26.0317, 2580
1149, 26.0544, 2395
1150, 26.0771, 1759
1151, 26.0998, 707
1152, 26.1224, -316
1153, 26.1451, -1069
1154, 26.1678, -1690
1155, 26.1905, -2355
1156, 26.2132, -3111
1157, 26.2358, -3868
1158, 26.2585, -4724
1159, 26.2812, -5797
1160, 26.3039, -6849
1161, 26.3265, -7569
1162, 26.3492, -7757
1163, 26.3719, -7304
1164, 26.3946, -6350
1165, 26.4172, -5170
1166, 26.4399, -3885
1167, 26.4626, -2426
1168, 26.4853, -881
1169, 26.5079, 402
1170, 26.5306, 1212
1171, 26.5533, 1614
1172, 26.576, 1714
1173, 26.5986, 1480
1174, 26.6213, 830
1175, 26.644, -110
1176, 26.6667, -974
1177, 26.6893, -1654
1178, 26.712, -2537
1179, 26.7347, -3774
1180, 26.7574, -5015
1181, 26.78, -6009
1182, 26.8027, -6889
1183, 26.8254, -7890
1184, 26.8481, -8910
1185, 26.8707, -9445
1186, 26.8934, -9136
1187, 26.9161, -8207
1188, 26.9388, -7021
1189, 26.9615, -5651
1190, 26.9841, -4105
1191, 27.0068, -2546
1192, 27.0295, -1203
1193, 27.0522, -10
1194, 27.0748, 1188
1195, 27.0975, 2265
1196, 27.1202, 2931
1197, 27.1429, 2923
1198, 27.1655, 2356
1199, 27.1882, 1697
1200, 27.2109, 1187
1201, 27.2336, 701
1202, 27.2562, 18
1203, 27.2789, -840
1204, 27.3016, -1608
1205, 27.3243, -2227
1206, 27.3469, -2866
1207, 27.3696, -3481
1208, 27.3923, -3849
1209, 27.415, -3719
1210, 27.4376, -2938
1211, 27.4603, -1764
1212, 27.483, -571
1213, 27.5057, 458
1214, 27.5283, 1247
1215, 27.551, 1713
1216, 27.5737, 1601
1217, 27.5964, 990
1218, 27.619, 413
1219, 27.6417, 214
1220, 27.6644, 267
1221, 27.6871, 138
1222, 27.7098, -325
1223, 27.7324, -813
1224, 27.7551, -1173
1225, 27.7778, -1558
1226, 27.8005, -2056
1227, 27.8231, -2489
1228, 27.8458, -2669
1229, 27.8685, -2612
1230, 27.8912, -2310
1231, 27.9138, -1656
1232, 27.9365, -647
1233, 27.9592, 508
1234, 27.9819, 1436
1235, 28.0045, 1930
1236, 28.0272, 2165
1237, 28.0499, 2351
1238, 28.0726, 2445
1239, 28.0952, 2231
1240, 28.1179, 1600
1241, 28.1406, 767
1242, 28.1633, 69
1243, 28.1859, -356
1244, 28.2086, -666
1245, 28.2313, -1132
1246, 28.254, -1816
1247, 28.2766, -2537
1248, 28.2993, -3124
1249, 28.322, -3554
1250, 28.3447, -3805
1251, 28.3673, -3772
1252, 28.39, -3408
1253, 28.4127, -2889
1254, 28.4354, -2437
1255, 28.458, -2049
1256, 28.4807, -1475
1257, 28.5034, -614
1258, 28.5261, 253
1259, 28.5488, 926
1260, 28.5714, 1466
1261, 28.5941, 1951
1262, 28.6168, 2392
1263, 28.6395, 2659
1264, 28.6621, 2685
1265, 28.6848, 2528
1266, 28.7075, 2060
1267, 28.7302, 1110
1268, 28.7528, -75
1269, 28.7755, -1050
1270, 28.7982, -1651
1271, 28.8209, -2064
1272, 28.8435, -2474
1273, 28.8662, -2697
1274, 28.8889, -2438
1275, 28.9116, -1653
1276, 28.9342, -582
1277, 28.9569, 355
1278, 28.9796, 993
1279, 29.0023, 1499
1280, 29.0249, 1933
1281, 29.0476, 2231
1282, 29.0703, 2316
1283, 29.093, 2226
1284, 29.1156, 2127
1285, 29.1383, 2123
1286, 29.161, 2139
1287, 29.1837, 2081
1288, 29.2063, 1964
1289, 29.229, 1767
1290, 29.2517, 1489
1291, 29.2744, 1205
1292, 29.2971, 853
1293, 29.3197, 465
1294, 29.3424, 225
1295, 29.3651, 125
1296, 29.3878, 309
1297, 29.4104, 1113
1298, 29.4331, 2398
1299, 29.4558, 3796
1300, 29.4785, 5092
1301, 29.5011, 6184
1302, 29.5238, 7150
1303, 29.5465, 8064
1304, 29.5692, 8673
1305, 29.5918, 8657
1306, 29.6145, 8196
1307, 29.6372, 7771
1308, 29.6599, 7582
1309, 29.6825, 7473
1310, 29.7052, 7192
1311, 29.7279, 6762
1312, 29.7506, 6448
1313, 29.7732, 6340
1314, 29.7959, 6201
1315, 29.8186, 5791
1316, 29.8413, 5194
1317, 29.8639, 4572
1318, 29.8866, 3992
1319, 29.9093, 3491
1320, 29.932, 3129
1321, 29.9546, 2989
1322, 29.9773, 2991
1323, 30, 3047
1324, 30.0227, 3171
1325, 30.0454, 3305
1326, 30.068, 3301
1327, 30.0907, 3011
1328, 30.1134, 2394
1329, 30.1361, 1554
1330, 30.1587, 754
1331, 30.1814, 235
1332, 30.2041, -143
1333, 30.2268, -652
1334, 30.2494, -1343
1335, 30.2721, -1998
1336, 30.2948, -2429
1337, 30.3175, -2855
1338, 30.3401, -3358
1339, 30.3628, -3540
1340, 30.3855, -3131
1341, 30.4082, -2348
1342, 30.4308, -1543
1343, 30.4535, -723
1344, 30.4762, 318
1345, 30.4989, 1422
1346, 30.5215, 2219
1347, 30.5442, 2627
1348, 30.5669, 2729
1349, 30.5896, 2599
1350, 30.6122, 2081
1351, 30.6349, 1076
1352, 30.6576, -24
1353, 30.6803, -895
1354, 30.7029, -1532
1355, 30.7256, -2106
1356, 30.7483, -2819
1357, 30.771, -3626
1358, 30.7937, -4518
1359, 30.8163, -5605
1360, 30.839, -6754
1361, 30.8617, -7603
1362, 30.8844, -7892
1363, 30.907, -7580
1364, 30.9297, -6698
1365, 30.9524, -5485
1366, 30.9751, -4165
1367, 30.9977, -2645
1368, 31.0204, -1040
1369, 31.0431, 284
1370, 31.0658, 1169
1371, 31.0884, 1615
1372, 31.1111, 1754
1373, 31.1338, 1623
1374, 31.1565, 1047
1375, 31.1791, 109
1376, 31.2018, -802
1377, 31.2245, -1540
1378, 31.2472, -2379
1379, 31.2698, -3561
1380, 31.2925, -4915
1381, 31.3152, -6049
1382, 31.3379, -6921
1383, 31.3605, -7816
1384, 31.3832, -8754
1385, 31.4059, -9327
1386, 31.4286, -9158
1387, 31.4512, -8333
1388, 31.4739, -7112
1389, 31.4966, -5615
1390, 31.5193, -3999
1391, 31.542, -2449
1392, 31.5646, -1067
1393, 31.5873, 148
1394, 31.61, 1294
1395, 31.6327, 2363
1396, 31.6553, 3106
1397, 31.678, 3190
1398, 31.7007, 2649
1399, 31.7234, 1938
1400, 31.746, 1335
1401, 31.7687, 789
1402, 31.7914, 147
1403, 31.8141, -681
1404, 31.8367, -1494
1405, 31.8594, -2129
1406, 31.8821, -2721
1407, 31.9048, -3304
1408, 31.9274, -3706
1409, 31.9501, -3643
1410, 31.9728, -2938
1411, 31.9955, -1830
1412, 32.0181, -670
1413, 32.0408, 375
1414, 32.0635, 1210
1415, 32.0862, 1712
1416, 32.1088, 1674
1417, 32.1315, 1168
1418, 32.1542, 622
1419, 32.1769, 341
1420, 32.1995, 330
1421, 32.2222, 241
1422, 32.2449, -158
1423, 32.2676, -674
1424, 32.2902, -1122
1425, 32.3129, -1509
1426, 32.3356, -1925
1427, 32.3583, -2325
1428, 32.381, -2566
1429, 32.4036, -2613
1430, 32.4263, -2405
1431, 32.449, -1800
1432, 32.4717, -791
1433, 32.4943, 392
1434, 32.517, 1383
1435, 32.5397, 1955
1436, 32.5624, 2197
1437, 32.585, 2343
1438, 32.6077, 2450
1439, 32.6304, 2334
1440, 32.6531, 1789
1441, 32.6757, 933
1442, 32.6984, 146
1443, 32.7211, -351
1444, 32.7438, -702
1445, 32.7664, -1164
1446, 32.7891, -1765
1447, 32.8118, -2423
1448, 32.8345, -3010
1449, 32.8571, -3421
1450, 32.8798, -3680
1451, 32.9025, -3706
1452, 32.9252, -3394
1453, 32.9478, -2899
1454, 32.9705, -2429
1455, 32.9932, -2010
1456, 33.0159, -1454
1457, 33.0385, -642
1458, 33.0612, 205
1459, 33.0839, 856
1460, 33.1066, 1342
1461, 33.1293, 1758
1462, 33.1519, 2157
1463, 33.1746, 2429
1464, 33.1973, 2497
1465, 33.22, 2398
1466, 33.2426, 2052
1467, 33.2653, 1314
1468, 33.288, 235
1469, 33.3107, -860
1470, 33.3333, -1658
1471, 33.356, -2104
1472, 33.3787, -2383
1473, 33.4014, -2603
1474, 33.424, -2499
1475, 33.4467, -1834
1476, 33.4694, -793
1477, 33.4921, 178
1478, 33.5147, 821
1479, 33.5374, 1332
1480, 33.5601, 1845
1481, 33.5828, 2153
1482, 33.6054, 2159
1483, 33.6281, 2025
1484, 33.6508, 1962
1485, 33.6735, 2018
1486, 33.6961, 2037
1487, 33.7188, 1946
1488, 33.7415, 1825
1489, 33.7642, 1680
1490, 33.7868, 1474
1491, 33.8095, 1212
1492, 33.8322, 891
1493, 33.8549, 537
1494, 33.8776, 244
1495, 33.9002, 96
1496, 33.9229, 196
1497, 33.9456, 787
1498, 33.9683, 1938
1499, 33.9909, 3338
1500, 34.0136, 4699
1501, 34.0363, 5885
1502, 34.059, 6925
1503, 34.0816, 7903
1504, 34.1043, 8597
1505, 34.127, 8644
1506, 34.1497, 8158
1507, 34.1723, 7708
1508, 34.195, 7557
1509, 34.2177, 7450
1510, 34.2404, 7175
1511, 34.263, 6827
1512, 34.2857, 6564
1513, 34.3084, 6389
1514, 34.3311, 6136
1515, 34.3537, 5683
1516, 34.3764, 5075
1517, 34.3991, 4394
1518, 34.4218, 3762
1519, 34.4444, 3245
1520, 34.4671, 2871
1521, 34.4898, 2754
1522, 34.5125, 2813
1523, 34.5351, 2912
1524, 34.5578, 3027
1525, 34.5805, 3144
1526, 34.6032, 3235
1527, 34.6259, 3105
1528, 34.6485, 2596
1529, 34.6712, 1790
1530, 34.6939, 938
1531, 34.7166, 332
1532, 34.7392, -75
1533, 34.7619, -573
1534, 34.7846, -1186
1535, 34.8073, -1762
1536, 34.8299, -2292
1537, 34.8526, -2823
1538, 34.8753, -3320
1539, 34.898, -3545
1540, 34.9206, -3220
1541, 34.9433, -2522
1542, 34.966, -1742
1543, 34.9887, -842
1544, 35.0113, 281
1545, 35.034, 1482
1546, 35.0567, 2395
1547, 35.0794, 2859
1548, 35.102, 2959
1549, 35.1247, 2801
1550, 35.1474, 2335
1551, 35.1701, 1416
1552, 35.1927, 293
1553, 35.2154, -614
1554, 35.2381, -1306
1555, 35.2608, -1961
1556, 35.2834, -2667
1557, 35.3061, -3474
1558, 35.3288, -4381
1559, 35.3515, -5398
1560, 35.3741, -6535
1561, 35.3968, -7507
1562, 35.4195, -7887
1563, 35.4422, -7612
1564, 35.4649, -6825
1565, 35.4875, -5638
1566, 35.5102, -4238
1567, 35.5329, -2738
1568, 35.5556, -1192
1569, 35.5782, 162
1570, 35.6009, 1103
1571, 35.6236, 1617
1572, 35.6463, 1772
1573, 35.6689, 1589
1574, 35.6916, 1026
1575, 35.7143, 174
1576, 35.737, -671
1577, 35.7596, -1380
1578, 35.7823, -2192
1579, 35.805, -3347
1580, 35.8277, -4701
1581, 35.8503, -5904
1582, 35.873, -6853
1583, 35.8957, -7772
1584, 35.9184, -8764
1585, 35.941, -9484
1586, 35.9637, -9433
1587, 35.9864, -8563
1588, 36.0091, -7235
1589, 36.0317, -5726
1590, 36.0544, -4191
1591, 36.0771, -2698
1592, 36.0998, -1283
1593, 36.1224, 14
1594, 36.1451, 1215
1595, 36.1678, 2280
1596, 36.1905, 2989
1597, 36.2132, 3077
1598, 36.2358, 2577
1599, 36.2585, 1921
1600, 36.2812, 1361
1601, 36.3039, 785
1602, 36.3265, 72
1603, 36.3492, -747
1604, 36.3719, -1499
1605, 36.3946, -2090
1606, 36.4172, -2675
1607, 36.4399, -3307
1608, 36.4626, -3750
1609, 36.4853, -3721
1610, 36.5079, -3068
1611, 36.5306, -1974
1612, 36.5533, -793
1613, 36.576, 260
1614, 36.5986, 1087
1615, 36.6213, 1609
1616, 36.644, 1663
1617, 36.6667, 1171
1618, 36.6893, 519
1619, 36.712, 195
1620, 36.7347, 178
1621, 36.7574, 101
1622, 36.78, -242
1623, 36.8027, -732
1624, 36.8254, -1176
1625, 36.8481, -1571
1626, 36.8707, -2064
1627, 36.8934, -2582
1628, 36.9161, -2832
1629, 36.9388, -2816
1630, 36.9615, -2586
1631, 36.9841, -1930
1632, 37.0068, -886
1633, 37.0295, 249
1634, 37.0522, 1197
1635, 37.0748, 1774
1636, 37.0975, 2051
1637, 37.1202, 2249
1638, 37.1429, 2390
1639, 37.1655, 2252
1640, 37.1882, 1717
1641, 37.2109, 944
1642, 37.2336, 246
1643, 37.2562, -202
1644, 37.2789, -521
1645, 37.3016, -975
1646, 37.3243, -1611
1647, 37.3469, -2256
1648, 37.3696, -2841
1649, 37.3923, -3337
1650, 37.415, -3659
1651, 37.4376, -3701
1652, 37.4603, -3370
1653, 37.483, -2833
1654, 37.5057, -2348
1655, 37.5283, -1915
1656, 37.551, -1338
1657, 37.5737, -548
1658, 37.5964, 268
1659, 37.619, 919
1660, 37.6417, 1404
1661, 37.6644, 1850
1662, 37.6871, 2294
1663, 37.7098, 2607
1664, 37.7324, 2701
1665, 37.7551, 2580
1666, 37.7778, 2233
1667, 37.8005, 1575
1668, 37.8231, 573
1669, 37.8458, -500
1670, 37.8685, -1298
1671, 37.8912, -1794
1672, 37.9138, -2141
1673, 37.9365, -2348
1674, 37.9592, -2230
1675, 37.9819, -1622
1676, 38.0045, -615
1677, 38.0272, 371
1678, 38.0499, 1037
1679, 38.0726, 1534
1680, 38.0952, 2003
1681, 38.1179, 2330
1682, 38.1406, 2360
1683, 38.1633, 2207
1684, 38.1859, 2123
1685, 38.2086, 2118
1686, 38.2313, 2099
1687, 38.254, 1975
1688, 38.2766, 1769
1689, 38.2993, 1631
1690, 38.322, 1510
1691, 38.3447, 1290
1692, 38.3673, 953
1693, 38.39, 561
1694, 38.4127, 267
1695, 38.4354, 171
1696, 38.458, 318
1697, 38.4807, 850
1698, 38.5034, 1854
1699, 38.5261, 3162
1700, 38.5488, 4511
1701, 38.5714, 5735
1702, 38.5941, 6771
1703, 38.6168, 7648
1704, 38.6395, 8282
1705, 38.6621, 8399
1706, 38.6848, 8002
1707, 38.7075, 7518
1708, 38.7302, 7288
1709, 38.7528, 7232
1710, 38.7755, 7045
1711, 38.7982, 6698
1712, 38.8209, 6420
1713, 38.8435, 6268
1714, 38.8662, 6067
1715, 38.8889, 5671
1716, 38.9116, 5084
1717, 38.9342, 4416
1718, 38.9569, 3835
1719, 38.9796, 3309
1720, 39.0023, 2819
1721, 39.0249, 2593
1722, 39.0476, 2672
1723, 39.0703, 2838
1724, 39.093, 2984
1725, 39.1156, 3126
1726, 39.1383, 3180
1727, 39.161, 3005
1728, 39.1837, 2543
1729, 39.2063, 1764
1730, 39.229, 884
1731, 39.2517, 254
1732, 39.2744, -148
1733, 39.2971, -565
1734, 39.3197, -1156
1735, 39.3424, -1812
1736, 39.3651, -2297
1737, 39.3878, -2749
1738, 39.4104, -3298
1739, 39.4331, -3585
1740, 39.4558, -3341
1741, 39.4785, -2714
1742, 39.5011, -1937
1743, 39.5238, -1076
1744, 39.5465, -21
1745, 39.5692, 1214
1746, 39.5918, 2254
1747, 39.6145, 2800
1748, 39.6372, 2921
1749, 39.6599, 2789
1750, 39.6825, 2338
1751, 39.7052, 1455
1752, 39.7279, 385
1753, 39.7506, -525
1754, 39.7732, -1226
1755, 39.7959, -1849
1756, 39.8186, -2545
1757, 39.8413, -3350
1758, 39.8639, -4237
1759, 39.8866, -5248
1760, 39.9093, -6370
1761, 39.932, -7370
1762, 39.9546, -7871
1763, 39.9773, -7678
1764, 40, -6895
1765, 40.0227, -5772
1766, 40.0454, -4486
1767, 40.068, -2987
1768, 40.0907, -1353
1769, 40.1134, 30
1770, 40.1361, 940
1771, 40.1587, 1465
1772, 40.1814, 1710
1773, 40.2041, 1672
1774, 40.2268, 1222
1775, 40.2494, 383
1776, 40.2721, -484
1777, 40.2948, -1145
1778, 40.3175, -1881
1779, 40.3401, -2995
1780, 40.3628, -4294
1781, 40.3855, -5470
1782, 40.4082, -6492
1783, 40.4308, -7501
1784, 40.4535, -8559
1785, 40.4762, -9297
1786, 40.4989, -9270
1787, 40.5215, -8490
1788, 40.5442, -7242
1789, 40.5669, -5804
1790, 40.5896, -4295
1791, 40.6122, -2682
1792, 40.6349, -1191
1793, 40.6576, 5
1794, 40.6803, 1111
1795, 40.7029, 2190
1796, 40.7256, 3016
1797, 40.7483, 3226
1798, 40.771, 2721
1799, 40.7937, 1988
1800, 40.8163, 1396
1801, 40.839, 879
1802, 40.8617, 292
1803, 40.8844, -453
1804, 40.907, -1217
1805, 40.9297, -1835
1806, 40.9524, -2448
1807, 40.9751, -3151
1808, 40.9977, -3678
1809, 41.0204, -3718
1810, 41.0431, -3182
1811, 41.0658, -2223
1812, 41.0884, -1102
1813, 41.1111, 17
1814, 41.1338, 983
1815, 41.1565, 1619
1816, 41.1791, 1741
1817, 41.2018, 1260
1818, 41.2245, 546
1819, 41.2472, 118
1820, 41.2698, 71
1821, 41.2925, 88
1822, 41.3152, -148
1823, 41.3379, -633
1824, 41.3605, -1162
1825, 41.3832, -1606
1826, 41.4059, -2071
1827, 41.4286, -2573
1828, 41.4512, -2882
1829, 41.4739, -2940
1830, 41.4966, -2801
1831, 41.5193, -2298
1832, 41.542, -1362
1833, 41.5646, -207
1834, 41.5873, 843
1835, 41.61, 1509
1836, 41.6327, 1788
1837, 41.6553, 1938
1838, 41.678, 2096
1839, 41.7007, 2078
1840, 41.7234, 1663
1841, 41.746, 899
1842, 41.7687, 97
1843, 41.7914, -430
1844, 41.8141, -711
1845, 41.8367, -1061
1846, 41.8594, -1630
1847, 41.8821, -2343
1848, 41.9048, -3010
1849, 41.9274, -3476
1850, 41.9501, -3742
1851, 41.9728, -3816
1852, 41.9955, -3601
1853, 42.0181, -3135
1854, 42.0408, -2592
1855, 42.0635, -2046
1856, 42.0862, -1421
1857, 42.1088, -620
1858, 42.1315, 245
1859, 42.1542, 929
1860, 42.1769, 1388
1861, 42.1995, 1777
1862, 42.2222, 2187
1863, 42.2449, 2557
1864, 42.2676, 2720
1865, 42.2902, 2609
1866, 42.3129, 2334
1867, 42.3356, 1797
1868, 42.3583, 843
1869, 42.381, -264
1870, 42.4036, -1157
1871, 42.4263, -1748
1872, 42.449, -2122
1873, 42.4717, -2299
1874, 42.4943, -2171
1875, 42.517, -1628
1876, 42.5397, -646
1877, 42.5624, 441
1878, 42.585, 1201
1879, 42.6077, 1684
1880, 42.6304, 2158
1881, 42.6531, 2544
1882, 42.6757, 2606
1883, 42.6984, 2416
1884, 42.7211, 2245
1885, 42.7438, 2214
1886, 42.7664, 2248
1887, 42.7891, 2182
1888, 42.8118, 1984
1889, 42.8345, 1772
1890, 42.8571, 1556
1891, 42.8798, 1314
1892, 42.9025, 998
1893, 42.9252, 595
1894, 42.9478, 290
1895, 42.9705, 143
1896, 42.9932, 183
1897, 43.0159, 695
1898, 43.0385, 1776
1899, 43.0612, 3146
1900, 43.0839, 4490
1901, 43.1066, 5677
1902, 43.1293, 6691
1903, 43.1519, 7583
1904, 43.1746, 8301
1905, 43.1973, 8539
1906, 43.22, 8148
1907, 43.2426, 7545
1908, 43.2653, 7204
1909, 43.288, 7068
1910, 43.3107, 6857
1911, 43.3333, 6541
1912, 43.356, 6289
1913, 43.3787, 6166
1914, 43.4014, 5999
1915, 43.424, 5659
1916, 43.4467, 5184
1917, 43.4694, 4628
1918, 43.4921, 4084
1919, 43.5147, 3558
1920, 43.5374, 3020
1921, 43.5601, 2705
1922, 43.5828, 2762
1923, 43.6054, 2901
1924, 43.6281, 2967
1925, 43.6508, 3040
1926, 43.6735, 3057
1927, 43.6961, 2890
1928, 43.7188, 2465
1929, 43.7415, 1774
1930, 43.7642, 977
1931, 43.7868, 336
1932, 43.8095, -48
1933, 43.8322, -391
1934, 43.8549, -945
1935, 43.8776, -1585
1936, 43.9002, -2043
1937, 43.9229, -2476
1938, 43.9456, -3019
1939, 43.9683, -3341
1940, 43.9909, -3173
1941, 44.0136, -2618
1942, 44.0363, -1909
1943, 44.059, -1079
1944, 44.0816, -54
1945, 44.1043, 1107
1946, 44.127, 2155
1947, 44.1497, 2734
1948, 44.1723, 2837
1949, 44.195, 2737
1950, 44.2177, 2394
1951, 44.2404, 1601
1952, 44.263, 524
1953, 44.2857, -465
1954, 44.3084, -1214
1955, 44.3311, -1796
1956, 44.3537, -2380
1957, 44.3764, -3129
1958, 44.3991, -4096
1959, 44.4218, -5176
1960, 44.4444, -6274
1961, 44.4671, -7290
1962, 44.4898, -7956
1963, 44.5125, -8031
1964, 44.5351, -7451
1965, 44.5578, -6346
1966, 44.5805, -4992
1967, 44.6032, -3473
1968, 44.6259, -1820
1969, 44.6485, -336
1970, 44.6712, 752
1971, 44.6939, 1435
1972, 44.7166, 1750
1973, 44.7392, 1703
1974, 44.7619, 1245
1975, 44.7846, 435
1976, 44.8073, -462
1977, 44.8299, -1185
1978, 44.8526, -1873
1979, 44.8753, -2886
1980, 44.898, -4166
1981, 44.9206, -5374
1982, 44.9433, -6361
1983, 44.966, -7290
1984, 44.9887, -8326
1985, 45.0113, -9175
1986, 45.034, -9334
1987, 45.0567, -8672
1988, 45.0794, -7439
1989, 45.102, -5936
1990, 45.1247, -4376
1991, 45.1474, -2818
1992, 45.1701, -1288
1993, 45.1927, 72
1994, 45.2154, 1230
1995, 45.2381, 2244
1996, 45.2608, 2990
1997, 45.2834, 3206
1998, 45.3061, 2862
1999, 45.3288, 2251
2000, 45.3515, 1614
2001, 45.3741, 1019
2002, 45.3968, 397
2003, 45.4195, -325
2004, 45.4422, -1051
